INFO	Valeur Threshold	Nombre d'erosions	Taille d'erosion	Nombre dilatation	Taille dilatation
MIN	140	1	1	1	1
MIN	160	3	3	3	3

Nombre Comp trouve	Valeur Threshold	Nombre d'erosions	Taille d'erosion	Nombre dilatation	Taille dilatation
73	140	1	1	1	1
73	140	1	1	1	2
73	140	1	1	1	3
66	140	1	1	2	1
66	140	1	1	2	2
66	140	1	1	2	3
44	140	1	1	3	1
44	140	1	1	3	2
44	140	1	1	3	3
73	140	1	2	1	1
73	140	1	2	1	2
73	140	1	2	1	3
66	140	1	2	2	1
66	140	1	2	2	2
66	140	1	2	2	3
44	140	1	2	3	1
44	140	1	2	3	2
44	140	1	2	3	3
73	140	1	3	1	1
73	140	1	3	1	2
73	140	1	3	1	3
66	140	1	3	2	1
66	140	1	3	2	2
66	140	1	3	2	3
44	140	1	3	3	1
44	140	1	3	3	2
44	140	1	3	3	3
54	140	2	1	1	1
54	140	2	1	1	2
54	140	2	1	1	3
54	140	2	1	2	1
54	140	2	1	2	2
54	140	2	1	2	3
54	140	2	1	3	1
54	140	2	1	3	2
54	140	2	1	3	3
54	140	2	2	1	1
54	140	2	2	1	2
54	140	2	2	1	3
54	140	2	2	2	1
54	140	2	2	2	2
54	140	2	2	2	3
54	140	2	2	3	1
54	140	2	2	3	2
54	140	2	2	3	3
54	140	2	3	1	1
54	140	2	3	1	2
54	140	2	3	1	3
54	140	2	3	2	1
54	140	2	3	2	2
54	140	2	3	2	3
54	140	2	3	3	1
54	140	2	3	3	2
54	140	2	3	3	3
5	140	3	1	1	1
5	140	3	1	1	2
5	140	3	1	1	3
5	140	3	1	2	1
5	140	3	1	2	2
5	140	3	1	2	3
5	140	3	1	3	1
5	140	3	1	3	2
5	140	3	1	3	3
5	140	3	2	1	1
5	140	3	2	1	2
5	140	3	2	1	3
5	140	3	2	2	1
5	140	3	2	2	2
5	140	3	2	2	3
5	140	3	2	3	1
5	140	3	2	3	2
5	140	3	2	3	3
5	140	3	3	1	1
5	140	3	3	1	2
5	140	3	3	1	3
5	140	3	3	2	1
5	140	3	3	2	2
5	140	3	3	2	3
5	140	3	3	3	1
5	140	3	3	3	2
5	140	3	3	3	3
73	141	1	1	1	1
73	141	1	1	1	2
73	141	1	1	1	3
69	141	1	1	2	1
69	141	1	1	2	2
69	141	1	1	2	3
45	141	1	1	3	1
45	141	1	1	3	2
45	141	1	1	3	3
73	141	1	2	1	1
73	141	1	2	1	2
73	141	1	2	1	3
69	141	1	2	2	1
69	141	1	2	2	2
69	141	1	2	2	3
45	141	1	2	3	1
45	141	1	2	3	2
45	141	1	2	3	3
73	141	1	3	1	1
73	141	1	3	1	2
73	141	1	3	1	3
69	141	1	3	2	1
69	141	1	3	2	2
69	141	1	3	2	3
45	141	1	3	3	1
45	141	1	3	3	2
45	141	1	3	3	3
53	141	2	1	1	1
53	141	2	1	1	2
53	141	2	1	1	3
53	141	2	1	2	1
53	141	2	1	2	2
53	141	2	1	2	3
53	141	2	1	3	1
53	141	2	1	3	2
53	141	2	1	3	3
53	141	2	2	1	1
53	141	2	2	1	2
53	141	2	2	1	3
53	141	2	2	2	1
53	141	2	2	2	2
53	141	2	2	2	3
53	141	2	2	3	1
53	141	2	2	3	2
53	141	2	2	3	3
53	141	2	3	1	1
53	141	2	3	1	2
53	141	2	3	1	3
53	141	2	3	2	1
53	141	2	3	2	2
53	141	2	3	2	3
53	141	2	3	3	1
53	141	2	3	3	2
53	141	2	3	3	3
5	141	3	1	1	1
5	141	3	1	1	2
5	141	3	1	1	3
5	141	3	1	2	1
5	141	3	1	2	2
5	141	3	1	2	3
5	141	3	1	3	1
5	141	3	1	3	2
5	141	3	1	3	3
5	141	3	2	1	1
5	141	3	2	1	2
5	141	3	2	1	3
5	141	3	2	2	1
5	141	3	2	2	2
5	141	3	2	2	3
5	141	3	2	3	1
5	141	3	2	3	2
5	141	3	2	3	3
5	141	3	3	1	1
5	141	3	3	1	2
5	141	3	3	1	3
5	141	3	3	2	1
5	141	3	3	2	2
5	141	3	3	2	3
5	141	3	3	3	1
5	141	3	3	3	2
5	141	3	3	3	3
72	142	1	1	1	1
72	142	1	1	1	2
72	142	1	1	1	3
69	142	1	1	2	1
69	142	1	1	2	2
69	142	1	1	2	3
45	142	1	1	3	1
45	142	1	1	3	2
45	142	1	1	3	3
72	142	1	2	1	1
72	142	1	2	1	2
72	142	1	2	1	3
69	142	1	2	2	1
69	142	1	2	2	2
69	142	1	2	2	3
45	142	1	2	3	1
45	142	1	2	3	2
45	142	1	2	3	3
72	142	1	3	1	1
72	142	1	3	1	2
72	142	1	3	1	3
69	142	1	3	2	1
69	142	1	3	2	2
69	142	1	3	2	3
45	142	1	3	3	1
45	142	1	3	3	2
45	142	1	3	3	3
53	142	2	1	1	1
53	142	2	1	1	2
53	142	2	1	1	3
53	142	2	1	2	1
53	142	2	1	2	2
53	142	2	1	2	3
53	142	2	1	3	1
53	142	2	1	3	2
53	142	2	1	3	3
53	142	2	2	1	1
53	142	2	2	1	2
53	142	2	2	1	3
53	142	2	2	2	1
53	142	2	2	2	2
53	142	2	2	2	3
53	142	2	2	3	1
53	142	2	2	3	2
53	142	2	2	3	3
53	142	2	3	1	1
53	142	2	3	1	2
53	142	2	3	1	3
53	142	2	3	2	1
53	142	2	3	2	2
53	142	2	3	2	3
53	142	2	3	3	1
53	142	2	3	3	2
53	142	2	3	3	3
5	142	3	1	1	1
5	142	3	1	1	2
5	142	3	1	1	3
5	142	3	1	2	1
5	142	3	1	2	2
5	142	3	1	2	3
5	142	3	1	3	1
5	142	3	1	3	2
5	142	3	1	3	3
5	142	3	2	1	1
5	142	3	2	1	2
5	142	3	2	1	3
5	142	3	2	2	1
5	142	3	2	2	2
5	142	3	2	2	3
5	142	3	2	3	1
5	142	3	2	3	2
5	142	3	2	3	3
5	142	3	3	1	1
5	142	3	3	1	2
5	142	3	3	1	3
5	142	3	3	2	1
5	142	3	3	2	2
5	142	3	3	2	3
5	142	3	3	3	1
5	142	3	3	3	2
5	142	3	3	3	3
75	143	1	1	1	1
75	143	1	1	1	2
75	143	1	1	1	3
70	143	1	1	2	1
70	143	1	1	2	2
70	143	1	1	2	3
44	143	1	1	3	1
44	143	1	1	3	2
44	143	1	1	3	3
75	143	1	2	1	1
75	143	1	2	1	2
75	143	1	2	1	3
70	143	1	2	2	1
70	143	1	2	2	2
70	143	1	2	2	3
44	143	1	2	3	1
44	143	1	2	3	2
44	143	1	2	3	3
75	143	1	3	1	1
75	143	1	3	1	2
75	143	1	3	1	3
70	143	1	3	2	1
70	143	1	3	2	2
70	143	1	3	2	3
44	143	1	3	3	1
44	143	1	3	3	2
44	143	1	3	3	3
53	143	2	1	1	1
53	143	2	1	1	2
53	143	2	1	1	3
53	143	2	1	2	1
53	143	2	1	2	2
53	143	2	1	2	3
53	143	2	1	3	1
53	143	2	1	3	2
53	143	2	1	3	3
53	143	2	2	1	1
53	143	2	2	1	2
53	143	2	2	1	3
53	143	2	2	2	1
53	143	2	2	2	2
53	143	2	2	2	3
53	143	2	2	3	1
53	143	2	2	3	2
53	143	2	2	3	3
53	143	2	3	1	1
53	143	2	3	1	2
53	143	2	3	1	3
53	143	2	3	2	1
53	143	2	3	2	2
53	143	2	3	2	3
53	143	2	3	3	1
53	143	2	3	3	2
53	143	2	3	3	3
4	143	3	1	1	1
4	143	3	1	1	2
4	143	3	1	1	3
4	143	3	1	2	1
4	143	3	1	2	2
4	143	3	1	2	3
4	143	3	1	3	1
4	143	3	1	3	2
4	143	3	1	3	3
4	143	3	2	1	1
4	143	3	2	1	2
4	143	3	2	1	3
4	143	3	2	2	1
4	143	3	2	2	2
4	143	3	2	2	3
4	143	3	2	3	1
4	143	3	2	3	2
4	143	3	2	3	3
4	143	3	3	1	1
4	143	3	3	1	2
4	143	3	3	1	3
4	143	3	3	2	1
4	143	3	3	2	2
4	143	3	3	2	3
4	143	3	3	3	1
4	143	3	3	3	2
4	143	3	3	3	3
77	144	1	1	1	1
77	144	1	1	1	2
77	144	1	1	1	3
71	144	1	1	2	1
71	144	1	1	2	2
71	144	1	1	2	3
44	144	1	1	3	1
44	144	1	1	3	2
44	144	1	1	3	3
77	144	1	2	1	1
77	144	1	2	1	2
77	144	1	2	1	3
71	144	1	2	2	1
71	144	1	2	2	2
71	144	1	2	2	3
44	144	1	2	3	1
44	144	1	2	3	2
44	144	1	2	3	3
77	144	1	3	1	1
77	144	1	3	1	2
77	144	1	3	1	3
71	144	1	3	2	1
71	144	1	3	2	2
71	144	1	3	2	3
44	144	1	3	3	1
44	144	1	3	3	2
44	144	1	3	3	3
52	144	2	1	1	1
52	144	2	1	1	2
52	144	2	1	1	3
52	144	2	1	2	1
52	144	2	1	2	2
52	144	2	1	2	3
52	144	2	1	3	1
52	144	2	1	3	2
52	144	2	1	3	3
52	144	2	2	1	1
52	144	2	2	1	2
52	144	2	2	1	3
52	144	2	2	2	1
52	144	2	2	2	2
52	144	2	2	2	3
52	144	2	2	3	1
52	144	2	2	3	2
52	144	2	2	3	3
52	144	2	3	1	1
52	144	2	3	1	2
52	144	2	3	1	3
52	144	2	3	2	1
52	144	2	3	2	2
52	144	2	3	2	3
52	144	2	3	3	1
52	144	2	3	3	2
52	144	2	3	3	3
2	144	3	1	1	1
2	144	3	1	1	2
2	144	3	1	1	3
2	144	3	1	2	1
2	144	3	1	2	2
2	144	3	1	2	3
2	144	3	1	3	1
2	144	3	1	3	2
2	144	3	1	3	3
2	144	3	2	1	1
2	144	3	2	1	2
2	144	3	2	1	3
2	144	3	2	2	1
2	144	3	2	2	2
2	144	3	2	2	3
2	144	3	2	3	1
2	144	3	2	3	2
2	144	3	2	3	3
2	144	3	3	1	1
2	144	3	3	1	2
2	144	3	3	1	3
2	144	3	3	2	1
2	144	3	3	2	2
2	144	3	3	2	3
2	144	3	3	3	1
2	144	3	3	3	2
2	144	3	3	3	3
77	145	1	1	1	1
77	145	1	1	1	2
77	145	1	1	1	3
72	145	1	1	2	1
72	145	1	1	2	2
72	145	1	1	2	3
44	145	1	1	3	1
44	145	1	1	3	2
44	145	1	1	3	3
77	145	1	2	1	1
77	145	1	2	1	2
77	145	1	2	1	3
72	145	1	2	2	1
72	145	1	2	2	2
72	145	1	2	2	3
44	145	1	2	3	1
44	145	1	2	3	2
44	145	1	2	3	3
77	145	1	3	1	1
77	145	1	3	1	2
77	145	1	3	1	3
72	145	1	3	2	1
72	145	1	3	2	2
72	145	1	3	2	3
44	145	1	3	3	1
44	145	1	3	3	2
44	145	1	3	3	3
51	145	2	1	1	1
51	145	2	1	1	2
51	145	2	1	1	3
51	145	2	1	2	1
51	145	2	1	2	2
51	145	2	1	2	3
51	145	2	1	3	1
51	145	2	1	3	2
51	145	2	1	3	3
51	145	2	2	1	1
51	145	2	2	1	2
51	145	2	2	1	3
51	145	2	2	2	1
51	145	2	2	2	2
51	145	2	2	2	3
51	145	2	2	3	1
51	145	2	2	3	2
51	145	2	2	3	3
51	145	2	3	1	1
51	145	2	3	1	2
51	145	2	3	1	3
51	145	2	3	2	1
51	145	2	3	2	2
51	145	2	3	2	3
51	145	2	3	3	1
51	145	2	3	3	2
51	145	2	3	3	3
2	145	3	1	1	1
2	145	3	1	1	2
2	145	3	1	1	3
2	145	3	1	2	1
2	145	3	1	2	2
2	145	3	1	2	3
2	145	3	1	3	1
2	145	3	1	3	2
2	145	3	1	3	3
2	145	3	2	1	1
2	145	3	2	1	2
2	145	3	2	1	3
2	145	3	2	2	1
2	145	3	2	2	2
2	145	3	2	2	3
2	145	3	2	3	1
2	145	3	2	3	2
2	145	3	2	3	3
2	145	3	3	1	1
2	145	3	3	1	2
2	145	3	3	1	3
2	145	3	3	2	1
2	145	3	3	2	2
2	145	3	3	2	3
2	145	3	3	3	1
2	145	3	3	3	2
2	145	3	3	3	3
76	146	1	1	1	1
76	146	1	1	1	2
76	146	1	1	1	3
72	146	1	1	2	1
72	146	1	1	2	2
72	146	1	1	2	3
44	146	1	1	3	1
44	146	1	1	3	2
44	146	1	1	3	3
76	146	1	2	1	1
76	146	1	2	1	2
76	146	1	2	1	3
72	146	1	2	2	1
72	146	1	2	2	2
72	146	1	2	2	3
44	146	1	2	3	1
44	146	1	2	3	2
44	146	1	2	3	3
76	146	1	3	1	1
76	146	1	3	1	2
76	146	1	3	1	3
72	146	1	3	2	1
72	146	1	3	2	2
72	146	1	3	2	3
44	146	1	3	3	1
44	146	1	3	3	2
44	146	1	3	3	3
49	146	2	1	1	1
49	146	2	1	1	2
49	146	2	1	1	3
49	146	2	1	2	1
49	146	2	1	2	2
49	146	2	1	2	3
49	146	2	1	3	1
49	146	2	1	3	2
49	146	2	1	3	3
49	146	2	2	1	1
49	146	2	2	1	2
49	146	2	2	1	3
49	146	2	2	2	1
49	146	2	2	2	2
49	146	2	2	2	3
49	146	2	2	3	1
49	146	2	2	3	2
49	146	2	2	3	3
49	146	2	3	1	1
49	146	2	3	1	2
49	146	2	3	1	3
49	146	2	3	2	1
49	146	2	3	2	2
49	146	2	3	2	3
49	146	2	3	3	1
49	146	2	3	3	2
49	146	2	3	3	3
2	146	3	1	1	1
2	146	3	1	1	2
2	146	3	1	1	3
2	146	3	1	2	1
2	146	3	1	2	2
2	146	3	1	2	3
2	146	3	1	3	1
2	146	3	1	3	2
2	146	3	1	3	3
2	146	3	2	1	1
2	146	3	2	1	2
2	146	3	2	1	3
2	146	3	2	2	1
2	146	3	2	2	2
2	146	3	2	2	3
2	146	3	2	3	1
2	146	3	2	3	2
2	146	3	2	3	3
2	146	3	3	1	1
2	146	3	3	1	2
2	146	3	3	1	3
2	146	3	3	2	1
2	146	3	3	2	2
2	146	3	3	2	3
2	146	3	3	3	1
2	146	3	3	3	2
2	146	3	3	3	3
78	147	1	1	1	1
78	147	1	1	1	2
78	147	1	1	1	3
74	147	1	1	2	1
74	147	1	1	2	2
74	147	1	1	2	3
45	147	1	1	3	1
45	147	1	1	3	2
45	147	1	1	3	3
78	147	1	2	1	1
78	147	1	2	1	2
78	147	1	2	1	3
74	147	1	2	2	1
74	147	1	2	2	2
74	147	1	2	2	3
45	147	1	2	3	1
45	147	1	2	3	2
45	147	1	2	3	3
78	147	1	3	1	1
78	147	1	3	1	2
78	147	1	3	1	3
74	147	1	3	2	1
74	147	1	3	2	2
74	147	1	3	2	3
45	147	1	3	3	1
45	147	1	3	3	2
45	147	1	3	3	3
49	147	2	1	1	1
49	147	2	1	1	2
49	147	2	1	1	3
49	147	2	1	2	1
49	147	2	1	2	2
49	147	2	1	2	3
49	147	2	1	3	1
49	147	2	1	3	2
49	147	2	1	3	3
49	147	2	2	1	1
49	147	2	2	1	2
49	147	2	2	1	3
49	147	2	2	2	1
49	147	2	2	2	2
49	147	2	2	2	3
49	147	2	2	3	1
49	147	2	2	3	2
49	147	2	2	3	3
49	147	2	3	1	1
49	147	2	3	1	2
49	147	2	3	1	3
49	147	2	3	2	1
49	147	2	3	2	2
49	147	2	3	2	3
49	147	2	3	3	1
49	147	2	3	3	2
49	147	2	3	3	3
1	147	3	1	1	1
1	147	3	1	1	2
1	147	3	1	1	3
1	147	3	1	2	1
1	147	3	1	2	2
1	147	3	1	2	3
1	147	3	1	3	1
1	147	3	1	3	2
1	147	3	1	3	3
1	147	3	2	1	1
1	147	3	2	1	2
1	147	3	2	1	3
1	147	3	2	2	1
1	147	3	2	2	2
1	147	3	2	2	3
1	147	3	2	3	1
1	147	3	2	3	2
1	147	3	2	3	3
1	147	3	3	1	1
1	147	3	3	1	2
1	147	3	3	1	3
1	147	3	3	2	1
1	147	3	3	2	2
1	147	3	3	2	3
1	147	3	3	3	1
1	147	3	3	3	2
1	147	3	3	3	3
79	148	1	1	1	1
79	148	1	1	1	2
79	148	1	1	1	3
74	148	1	1	2	1
74	148	1	1	2	2
74	148	1	1	2	3
45	148	1	1	3	1
45	148	1	1	3	2
45	148	1	1	3	3
79	148	1	2	1	1
79	148	1	2	1	2
79	148	1	2	1	3
74	148	1	2	2	1
74	148	1	2	2	2
74	148	1	2	2	3
45	148	1	2	3	1
45	148	1	2	3	2
45	148	1	2	3	3
79	148	1	3	1	1
79	148	1	3	1	2
79	148	1	3	1	3
74	148	1	3	2	1
74	148	1	3	2	2
74	148	1	3	2	3
45	148	1	3	3	1
45	148	1	3	3	2
45	148	1	3	3	3
48	148	2	1	1	1
48	148	2	1	1	2
48	148	2	1	1	3
48	148	2	1	2	1
48	148	2	1	2	2
48	148	2	1	2	3
48	148	2	1	3	1
48	148	2	1	3	2
48	148	2	1	3	3
48	148	2	2	1	1
48	148	2	2	1	2
48	148	2	2	1	3
48	148	2	2	2	1
48	148	2	2	2	2
48	148	2	2	2	3
48	148	2	2	3	1
48	148	2	2	3	2
48	148	2	2	3	3
48	148	2	3	1	1
48	148	2	3	1	2
48	148	2	3	1	3
48	148	2	3	2	1
48	148	2	3	2	2
48	148	2	3	2	3
48	148	2	3	3	1
48	148	2	3	3	2
48	148	2	3	3	3
1	148	3	1	1	1
1	148	3	1	1	2
1	148	3	1	1	3
1	148	3	1	2	1
1	148	3	1	2	2
1	148	3	1	2	3
1	148	3	1	3	1
1	148	3	1	3	2
1	148	3	1	3	3
1	148	3	2	1	1
1	148	3	2	1	2
1	148	3	2	1	3
1	148	3	2	2	1
1	148	3	2	2	2
1	148	3	2	2	3
1	148	3	2	3	1
1	148	3	2	3	2
1	148	3	2	3	3
1	148	3	3	1	1
1	148	3	3	1	2
1	148	3	3	1	3
1	148	3	3	2	1
1	148	3	3	2	2
1	148	3	3	2	3
1	148	3	3	3	1
1	148	3	3	3	2
1	148	3	3	3	3
78	149	1	1	1	1
78	149	1	1	1	2
78	149	1	1	1	3
75	149	1	1	2	1
75	149	1	1	2	2
75	149	1	1	2	3
45	149	1	1	3	1
45	149	1	1	3	2
45	149	1	1	3	3
78	149	1	2	1	1
78	149	1	2	1	2
78	149	1	2	1	3
75	149	1	2	2	1
75	149	1	2	2	2
75	149	1	2	2	3
45	149	1	2	3	1
45	149	1	2	3	2
45	149	1	2	3	3
78	149	1	3	1	1
78	149	1	3	1	2
78	149	1	3	1	3
75	149	1	3	2	1
75	149	1	3	2	2
75	149	1	3	2	3
45	149	1	3	3	1
45	149	1	3	3	2
45	149	1	3	3	3
48	149	2	1	1	1
48	149	2	1	1	2
48	149	2	1	1	3
48	149	2	1	2	1
48	149	2	1	2	2
48	149	2	1	2	3
48	149	2	1	3	1
48	149	2	1	3	2
48	149	2	1	3	3
48	149	2	2	1	1
48	149	2	2	1	2
48	149	2	2	1	3
48	149	2	2	2	1
48	149	2	2	2	2
48	149	2	2	2	3
48	149	2	2	3	1
48	149	2	2	3	2
48	149	2	2	3	3
48	149	2	3	1	1
48	149	2	3	1	2
48	149	2	3	1	3
48	149	2	3	2	1
48	149	2	3	2	2
48	149	2	3	2	3
48	149	2	3	3	1
48	149	2	3	3	2
48	149	2	3	3	3
0	149	3	1	1	1
0	149	3	1	1	2
0	149	3	1	1	3
0	149	3	1	2	1
0	149	3	1	2	2
0	149	3	1	2	3
0	149	3	1	3	1
0	149	3	1	3	2
0	149	3	1	3	3
0	149	3	2	1	1
0	149	3	2	1	2
0	149	3	2	1	3
0	149	3	2	2	1
0	149	3	2	2	2
0	149	3	2	2	3
0	149	3	2	3	1
0	149	3	2	3	2
0	149	3	2	3	3
0	149	3	3	1	1
0	149	3	3	1	2
0	149	3	3	1	3
0	149	3	3	2	1
0	149	3	3	2	2
0	149	3	3	2	3
0	149	3	3	3	1
0	149	3	3	3	2
0	149	3	3	3	3
78	150	1	1	1	1
78	150	1	1	1	2
78	150	1	1	1	3
75	150	1	1	2	1
75	150	1	1	2	2
75	150	1	1	2	3
48	150	1	1	3	1
48	150	1	1	3	2
48	150	1	1	3	3
78	150	1	2	1	1
78	150	1	2	1	2
78	150	1	2	1	3
75	150	1	2	2	1
75	150	1	2	2	2
75	150	1	2	2	3
48	150	1	2	3	1
48	150	1	2	3	2
48	150	1	2	3	3
78	150	1	3	1	1
78	150	1	3	1	2
78	150	1	3	1	3
75	150	1	3	2	1
75	150	1	3	2	2
75	150	1	3	2	3
48	150	1	3	3	1
48	150	1	3	3	2
48	150	1	3	3	3
47	150	2	1	1	1
47	150	2	1	1	2
47	150	2	1	1	3
47	150	2	1	2	1
47	150	2	1	2	2
47	150	2	1	2	3
47	150	2	1	3	1
47	150	2	1	3	2
47	150	2	1	3	3
47	150	2	2	1	1
47	150	2	2	1	2
47	150	2	2	1	3
47	150	2	2	2	1
47	150	2	2	2	2
47	150	2	2	2	3
47	150	2	2	3	1
47	150	2	2	3	2
47	150	2	2	3	3
47	150	2	3	1	1
47	150	2	3	1	2
47	150	2	3	1	3
47	150	2	3	2	1
47	150	2	3	2	2
47	150	2	3	2	3
47	150	2	3	3	1
47	150	2	3	3	2
47	150	2	3	3	3
0	150	3	1	1	1
0	150	3	1	1	2
0	150	3	1	1	3
0	150	3	1	2	1
0	150	3	1	2	2
0	150	3	1	2	3
0	150	3	1	3	1
0	150	3	1	3	2
0	150	3	1	3	3
0	150	3	2	1	1
0	150	3	2	1	2
0	150	3	2	1	3
0	150	3	2	2	1
0	150	3	2	2	2
0	150	3	2	2	3
0	150	3	2	3	1
0	150	3	2	3	2
0	150	3	2	3	3
0	150	3	3	1	1
0	150	3	3	1	2
0	150	3	3	1	3
0	150	3	3	2	1
0	150	3	3	2	2
0	150	3	3	2	3
0	150	3	3	3	1
0	150	3	3	3	2
0	150	3	3	3	3
77	151	1	1	1	1
77	151	1	1	1	2
77	151	1	1	1	3
74	151	1	1	2	1
74	151	1	1	2	2
74	151	1	1	2	3
48	151	1	1	3	1
48	151	1	1	3	2
48	151	1	1	3	3
77	151	1	2	1	1
77	151	1	2	1	2
77	151	1	2	1	3
74	151	1	2	2	1
74	151	1	2	2	2
74	151	1	2	2	3
48	151	1	2	3	1
48	151	1	2	3	2
48	151	1	2	3	3
77	151	1	3	1	1
77	151	1	3	1	2
77	151	1	3	1	3
74	151	1	3	2	1
74	151	1	3	2	2
74	151	1	3	2	3
48	151	1	3	3	1
48	151	1	3	3	2
48	151	1	3	3	3
45	151	2	1	1	1
45	151	2	1	1	2
45	151	2	1	1	3
45	151	2	1	2	1
45	151	2	1	2	2
45	151	2	1	2	3
45	151	2	1	3	1
45	151	2	1	3	2
45	151	2	1	3	3
45	151	2	2	1	1
45	151	2	2	1	2
45	151	2	2	1	3
45	151	2	2	2	1
45	151	2	2	2	2
45	151	2	2	2	3
45	151	2	2	3	1
45	151	2	2	3	2
45	151	2	2	3	3
45	151	2	3	1	1
45	151	2	3	1	2
45	151	2	3	1	3
45	151	2	3	2	1
45	151	2	3	2	2
45	151	2	3	2	3
45	151	2	3	3	1
45	151	2	3	3	2
45	151	2	3	3	3
0	151	3	1	1	1
0	151	3	1	1	2
0	151	3	1	1	3
0	151	3	1	2	1
0	151	3	1	2	2
0	151	3	1	2	3
0	151	3	1	3	1
0	151	3	1	3	2
0	151	3	1	3	3
0	151	3	2	1	1
0	151	3	2	1	2
0	151	3	2	1	3
0	151	3	2	2	1
0	151	3	2	2	2
0	151	3	2	2	3
0	151	3	2	3	1
0	151	3	2	3	2
0	151	3	2	3	3
0	151	3	3	1	1
0	151	3	3	1	2
0	151	3	3	1	3
0	151	3	3	2	1
0	151	3	3	2	2
0	151	3	3	2	3
0	151	3	3	3	1
0	151	3	3	3	2
0	151	3	3	3	3
77	152	1	1	1	1
77	152	1	1	1	2
77	152	1	1	1	3
74	152	1	1	2	1
74	152	1	1	2	2
74	152	1	1	2	3
50	152	1	1	3	1
50	152	1	1	3	2
50	152	1	1	3	3
77	152	1	2	1	1
77	152	1	2	1	2
77	152	1	2	1	3
74	152	1	2	2	1
74	152	1	2	2	2
74	152	1	2	2	3
50	152	1	2	3	1
50	152	1	2	3	2
50	152	1	2	3	3
77	152	1	3	1	1
77	152	1	3	1	2
77	152	1	3	1	3
74	152	1	3	2	1
74	152	1	3	2	2
74	152	1	3	2	3
50	152	1	3	3	1
50	152	1	3	3	2
50	152	1	3	3	3
45	152	2	1	1	1
45	152	2	1	1	2
45	152	2	1	1	3
45	152	2	1	2	1
45	152	2	1	2	2
45	152	2	1	2	3
45	152	2	1	3	1
45	152	2	1	3	2
45	152	2	1	3	3
45	152	2	2	1	1
45	152	2	2	1	2
45	152	2	2	1	3
45	152	2	2	2	1
45	152	2	2	2	2
45	152	2	2	2	3
45	152	2	2	3	1
45	152	2	2	3	2
45	152	2	2	3	3
45	152	2	3	1	1
45	152	2	3	1	2
45	152	2	3	1	3
45	152	2	3	2	1
45	152	2	3	2	2
45	152	2	3	2	3
45	152	2	3	3	1
45	152	2	3	3	2
45	152	2	3	3	3
0	152	3	1	1	1
0	152	3	1	1	2
0	152	3	1	1	3
0	152	3	1	2	1
0	152	3	1	2	2
0	152	3	1	2	3
0	152	3	1	3	1
0	152	3	1	3	2
0	152	3	1	3	3
0	152	3	2	1	1
0	152	3	2	1	2
0	152	3	2	1	3
0	152	3	2	2	1
0	152	3	2	2	2
0	152	3	2	2	3
0	152	3	2	3	1
0	152	3	2	3	2
0	152	3	2	3	3
0	152	3	3	1	1
0	152	3	3	1	2
0	152	3	3	1	3
0	152	3	3	2	1
0	152	3	3	2	2
0	152	3	3	2	3
0	152	3	3	3	1
0	152	3	3	3	2
0	152	3	3	3	3
78	153	1	1	1	1
78	153	1	1	1	2
78	153	1	1	1	3
74	153	1	1	2	1
74	153	1	1	2	2
74	153	1	1	2	3
50	153	1	1	3	1
50	153	1	1	3	2
50	153	1	1	3	3
78	153	1	2	1	1
78	153	1	2	1	2
78	153	1	2	1	3
74	153	1	2	2	1
74	153	1	2	2	2
74	153	1	2	2	3
50	153	1	2	3	1
50	153	1	2	3	2
50	153	1	2	3	3
78	153	1	3	1	1
78	153	1	3	1	2
78	153	1	3	1	3
74	153	1	3	2	1
74	153	1	3	2	2
74	153	1	3	2	3
50	153	1	3	3	1
50	153	1	3	3	2
50	153	1	3	3	3
42	153	2	1	1	1
42	153	2	1	1	2
42	153	2	1	1	3
42	153	2	1	2	1
42	153	2	1	2	2
42	153	2	1	2	3
42	153	2	1	3	1
42	153	2	1	3	2
42	153	2	1	3	3
42	153	2	2	1	1
42	153	2	2	1	2
42	153	2	2	1	3
42	153	2	2	2	1
42	153	2	2	2	2
42	153	2	2	2	3
42	153	2	2	3	1
42	153	2	2	3	2
42	153	2	2	3	3
42	153	2	3	1	1
42	153	2	3	1	2
42	153	2	3	1	3
42	153	2	3	2	1
42	153	2	3	2	2
42	153	2	3	2	3
42	153	2	3	3	1
42	153	2	3	3	2
42	153	2	3	3	3
0	153	3	1	1	1
0	153	3	1	1	2
0	153	3	1	1	3
0	153	3	1	2	1
0	153	3	1	2	2
0	153	3	1	2	3
0	153	3	1	3	1
0	153	3	1	3	2
0	153	3	1	3	3
0	153	3	2	1	1
0	153	3	2	1	2
0	153	3	2	1	3
0	153	3	2	2	1
0	153	3	2	2	2
0	153	3	2	2	3
0	153	3	2	3	1
0	153	3	2	3	2
0	153	3	2	3	3
0	153	3	3	1	1
0	153	3	3	1	2
0	153	3	3	1	3
0	153	3	3	2	1
0	153	3	3	2	2
0	153	3	3	2	3
0	153	3	3	3	1
0	153	3	3	3	2
0	153	3	3	3	3
78	154	1	1	1	1
78	154	1	1	1	2
78	154	1	1	1	3
76	154	1	1	2	1
76	154	1	1	2	2
76	154	1	1	2	3
52	154	1	1	3	1
52	154	1	1	3	2
52	154	1	1	3	3
78	154	1	2	1	1
78	154	1	2	1	2
78	154	1	2	1	3
76	154	1	2	2	1
76	154	1	2	2	2
76	154	1	2	2	3
52	154	1	2	3	1
52	154	1	2	3	2
52	154	1	2	3	3
78	154	1	3	1	1
78	154	1	3	1	2
78	154	1	3	1	3
76	154	1	3	2	1
76	154	1	3	2	2
76	154	1	3	2	3
52	154	1	3	3	1
52	154	1	3	3	2
52	154	1	3	3	3
41	154	2	1	1	1
41	154	2	1	1	2
41	154	2	1	1	3
41	154	2	1	2	1
41	154	2	1	2	2
41	154	2	1	2	3
41	154	2	1	3	1
41	154	2	1	3	2
41	154	2	1	3	3
41	154	2	2	1	1
41	154	2	2	1	2
41	154	2	2	1	3
41	154	2	2	2	1
41	154	2	2	2	2
41	154	2	2	2	3
41	154	2	2	3	1
41	154	2	2	3	2
41	154	2	2	3	3
41	154	2	3	1	1
41	154	2	3	1	2
41	154	2	3	1	3
41	154	2	3	2	1
41	154	2	3	2	2
41	154	2	3	2	3
41	154	2	3	3	1
41	154	2	3	3	2
41	154	2	3	3	3
0	154	3	1	1	1
0	154	3	1	1	2
0	154	3	1	1	3
0	154	3	1	2	1
0	154	3	1	2	2
0	154	3	1	2	3
0	154	3	1	3	1
0	154	3	1	3	2
0	154	3	1	3	3
0	154	3	2	1	1
0	154	3	2	1	2
0	154	3	2	1	3
0	154	3	2	2	1
0	154	3	2	2	2
0	154	3	2	2	3
0	154	3	2	3	1
0	154	3	2	3	2
0	154	3	2	3	3
0	154	3	3	1	1
0	154	3	3	1	2
0	154	3	3	1	3
0	154	3	3	2	1
0	154	3	3	2	2
0	154	3	3	2	3
0	154	3	3	3	1
0	154	3	3	3	2
0	154	3	3	3	3
77	155	1	1	1	1
77	155	1	1	1	2
77	155	1	1	1	3
75	155	1	1	2	1
75	155	1	1	2	2
75	155	1	1	2	3
53	155	1	1	3	1
53	155	1	1	3	2
53	155	1	1	3	3
77	155	1	2	1	1
77	155	1	2	1	2
77	155	1	2	1	3
75	155	1	2	2	1
75	155	1	2	2	2
75	155	1	2	2	3
53	155	1	2	3	1
53	155	1	2	3	2
53	155	1	2	3	3
77	155	1	3	1	1
77	155	1	3	1	2
77	155	1	3	1	3
75	155	1	3	2	1
75	155	1	3	2	2
75	155	1	3	2	3
53	155	1	3	3	1
53	155	1	3	3	2
53	155	1	3	3	3
41	155	2	1	1	1
41	155	2	1	1	2
41	155	2	1	1	3
41	155	2	1	2	1
41	155	2	1	2	2
41	155	2	1	2	3
41	155	2	1	3	1
41	155	2	1	3	2
41	155	2	1	3	3
41	155	2	2	1	1
41	155	2	2	1	2
41	155	2	2	1	3
41	155	2	2	2	1
41	155	2	2	2	2
41	155	2	2	2	3
41	155	2	2	3	1
41	155	2	2	3	2
41	155	2	2	3	3
41	155	2	3	1	1
41	155	2	3	1	2
41	155	2	3	1	3
41	155	2	3	2	1
41	155	2	3	2	2
41	155	2	3	2	3
41	155	2	3	3	1
41	155	2	3	3	2
41	155	2	3	3	3
0	155	3	1	1	1
0	155	3	1	1	2
0	155	3	1	1	3
0	155	3	1	2	1
0	155	3	1	2	2
0	155	3	1	2	3
0	155	3	1	3	1
0	155	3	1	3	2
0	155	3	1	3	3
0	155	3	2	1	1
0	155	3	2	1	2
0	155	3	2	1	3
0	155	3	2	2	1
0	155	3	2	2	2
0	155	3	2	2	3
0	155	3	2	3	1
0	155	3	2	3	2
0	155	3	2	3	3
0	155	3	3	1	1
0	155	3	3	1	2
0	155	3	3	1	3
0	155	3	3	2	1
0	155	3	3	2	2
0	155	3	3	2	3
0	155	3	3	3	1
0	155	3	3	3	2
0	155	3	3	3	3
77	156	1	1	1	1
77	156	1	1	1	2
77	156	1	1	1	3
75	156	1	1	2	1
75	156	1	1	2	2
75	156	1	1	2	3
54	156	1	1	3	1
54	156	1	1	3	2
54	156	1	1	3	3
77	156	1	2	1	1
77	156	1	2	1	2
77	156	1	2	1	3
75	156	1	2	2	1
75	156	1	2	2	2
75	156	1	2	2	3
54	156	1	2	3	1
54	156	1	2	3	2
54	156	1	2	3	3
77	156	1	3	1	1
77	156	1	3	1	2
77	156	1	3	1	3
75	156	1	3	2	1
75	156	1	3	2	2
75	156	1	3	2	3
54	156	1	3	3	1
54	156	1	3	3	2
54	156	1	3	3	3
41	156	2	1	1	1
41	156	2	1	1	2
41	156	2	1	1	3
41	156	2	1	2	1
41	156	2	1	2	2
41	156	2	1	2	3
41	156	2	1	3	1
41	156	2	1	3	2
41	156	2	1	3	3
41	156	2	2	1	1
41	156	2	2	1	2
41	156	2	2	1	3
41	156	2	2	2	1
41	156	2	2	2	2
41	156	2	2	2	3
41	156	2	2	3	1
41	156	2	2	3	2
41	156	2	2	3	3
41	156	2	3	1	1
41	156	2	3	1	2
41	156	2	3	1	3
41	156	2	3	2	1
41	156	2	3	2	2
41	156	2	3	2	3
41	156	2	3	3	1
41	156	2	3	3	2
41	156	2	3	3	3
0	156	3	1	1	1
0	156	3	1	1	2
0	156	3	1	1	3
0	156	3	1	2	1
0	156	3	1	2	2
0	156	3	1	2	3
0	156	3	1	3	1
0	156	3	1	3	2
0	156	3	1	3	3
0	156	3	2	1	1
0	156	3	2	1	2
0	156	3	2	1	3
0	156	3	2	2	1
0	156	3	2	2	2
0	156	3	2	2	3
0	156	3	2	3	1
0	156	3	2	3	2
0	156	3	2	3	3
0	156	3	3	1	1
0	156	3	3	1	2
0	156	3	3	1	3
0	156	3	3	2	1
0	156	3	3	2	2
0	156	3	3	2	3
0	156	3	3	3	1
0	156	3	3	3	2
0	156	3	3	3	3
76	157	1	1	1	1
76	157	1	1	1	2
76	157	1	1	1	3
75	157	1	1	2	1
75	157	1	1	2	2
75	157	1	1	2	3
56	157	1	1	3	1
56	157	1	1	3	2
56	157	1	1	3	3
76	157	1	2	1	1
76	157	1	2	1	2
76	157	1	2	1	3
75	157	1	2	2	1
75	157	1	2	2	2
75	157	1	2	2	3
56	157	1	2	3	1
56	157	1	2	3	2
56	157	1	2	3	3
76	157	1	3	1	1
76	157	1	3	1	2
76	157	1	3	1	3
75	157	1	3	2	1
75	157	1	3	2	2
75	157	1	3	2	3
56	157	1	3	3	1
56	157	1	3	3	2
56	157	1	3	3	3
39	157	2	1	1	1
39	157	2	1	1	2
39	157	2	1	1	3
39	157	2	1	2	1
39	157	2	1	2	2
39	157	2	1	2	3
39	157	2	1	3	1
39	157	2	1	3	2
39	157	2	1	3	3
39	157	2	2	1	1
39	157	2	2	1	2
39	157	2	2	1	3
39	157	2	2	2	1
39	157	2	2	2	2
39	157	2	2	2	3
39	157	2	2	3	1
39	157	2	2	3	2
39	157	2	2	3	3
39	157	2	3	1	1
39	157	2	3	1	2
39	157	2	3	1	3
39	157	2	3	2	1
39	157	2	3	2	2
39	157	2	3	2	3
39	157	2	3	3	1
39	157	2	3	3	2
39	157	2	3	3	3
0	157	3	1	1	1
0	157	3	1	1	2
0	157	3	1	1	3
0	157	3	1	2	1
0	157	3	1	2	2
0	157	3	1	2	3
0	157	3	1	3	1
0	157	3	1	3	2
0	157	3	1	3	3
0	157	3	2	1	1
0	157	3	2	1	2
0	157	3	2	1	3
0	157	3	2	2	1
0	157	3	2	2	2
0	157	3	2	2	3
0	157	3	2	3	1
0	157	3	2	3	2
0	157	3	2	3	3
0	157	3	3	1	1
0	157	3	3	1	2
0	157	3	3	1	3
0	157	3	3	2	1
0	157	3	3	2	2
0	157	3	3	2	3
0	157	3	3	3	1
0	157	3	3	3	2
0	157	3	3	3	3
76	158	1	1	1	1
76	158	1	1	1	2
76	158	1	1	1	3
76	158	1	1	2	1
76	158	1	1	2	2
76	158	1	1	2	3
56	158	1	1	3	1
56	158	1	1	3	2
56	158	1	1	3	3
76	158	1	2	1	1
76	158	1	2	1	2
76	158	1	2	1	3
76	158	1	2	2	1
76	158	1	2	2	2
76	158	1	2	2	3
56	158	1	2	3	1
56	158	1	2	3	2
56	158	1	2	3	3
76	158	1	3	1	1
76	158	1	3	1	2
76	158	1	3	1	3
76	158	1	3	2	1
76	158	1	3	2	2
76	158	1	3	2	3
56	158	1	3	3	1
56	158	1	3	3	2
56	158	1	3	3	3
39	158	2	1	1	1
39	158	2	1	1	2
39	158	2	1	1	3
39	158	2	1	2	1
39	158	2	1	2	2
39	158	2	1	2	3
39	158	2	1	3	1
39	158	2	1	3	2
39	158	2	1	3	3
39	158	2	2	1	1
39	158	2	2	1	2
39	158	2	2	1	3
39	158	2	2	2	1
39	158	2	2	2	2
39	158	2	2	2	3
39	158	2	2	3	1
39	158	2	2	3	2
39	158	2	2	3	3
39	158	2	3	1	1
39	158	2	3	1	2
39	158	2	3	1	3
39	158	2	3	2	1
39	158	2	3	2	2
39	158	2	3	2	3
39	158	2	3	3	1
39	158	2	3	3	2
39	158	2	3	3	3
0	158	3	1	1	1
0	158	3	1	1	2
0	158	3	1	1	3
0	158	3	1	2	1
0	158	3	1	2	2
0	158	3	1	2	3
0	158	3	1	3	1
0	158	3	1	3	2
0	158	3	1	3	3
0	158	3	2	1	1
0	158	3	2	1	2
0	158	3	2	1	3
0	158	3	2	2	1
0	158	3	2	2	2
0	158	3	2	2	3
0	158	3	2	3	1
0	158	3	2	3	2
0	158	3	2	3	3
0	158	3	3	1	1
0	158	3	3	1	2
0	158	3	3	1	3
0	158	3	3	2	1
0	158	3	3	2	2
0	158	3	3	2	3
0	158	3	3	3	1
0	158	3	3	3	2
0	158	3	3	3	3
76	159	1	1	1	1
76	159	1	1	1	2
76	159	1	1	1	3
76	159	1	1	2	1
76	159	1	1	2	2
76	159	1	1	2	3
56	159	1	1	3	1
56	159	1	1	3	2
56	159	1	1	3	3
76	159	1	2	1	1
76	159	1	2	1	2
76	159	1	2	1	3
76	159	1	2	2	1
76	159	1	2	2	2
76	159	1	2	2	3
56	159	1	2	3	1
56	159	1	2	3	2
56	159	1	2	3	3
76	159	1	3	1	1
76	159	1	3	1	2
76	159	1	3	1	3
76	159	1	3	2	1
76	159	1	3	2	2
76	159	1	3	2	3
56	159	1	3	3	1
56	159	1	3	3	2
56	159	1	3	3	3
39	159	2	1	1	1
39	159	2	1	1	2
39	159	2	1	1	3
39	159	2	1	2	1
39	159	2	1	2	2
39	159	2	1	2	3
39	159	2	1	3	1
39	159	2	1	3	2
39	159	2	1	3	3
39	159	2	2	1	1
39	159	2	2	1	2
39	159	2	2	1	3
39	159	2	2	2	1
39	159	2	2	2	2
39	159	2	2	2	3
39	159	2	2	3	1
39	159	2	2	3	2
39	159	2	2	3	3
39	159	2	3	1	1
39	159	2	3	1	2
39	159	2	3	1	3
39	159	2	3	2	1
39	159	2	3	2	2
39	159	2	3	2	3
39	159	2	3	3	1
39	159	2	3	3	2
39	159	2	3	3	3
0	159	3	1	1	1
0	159	3	1	1	2
0	159	3	1	1	3
0	159	3	1	2	1
0	159	3	1	2	2
0	159	3	1	2	3
0	159	3	1	3	1
0	159	3	1	3	2
0	159	3	1	3	3
0	159	3	2	1	1
0	159	3	2	1	2
0	159	3	2	1	3
0	159	3	2	2	1
0	159	3	2	2	2
0	159	3	2	2	3
0	159	3	2	3	1
0	159	3	2	3	2
0	159	3	2	3	3
0	159	3	3	1	1
0	159	3	3	1	2
0	159	3	3	1	3
0	159	3	3	2	1
0	159	3	3	2	2
0	159	3	3	2	3
0	159	3	3	3	1
0	159	3	3	3	2
0	159	3	3	3	3
76	160	1	1	1	1
76	160	1	1	1	2
76	160	1	1	1	3
76	160	1	1	2	1
76	160	1	1	2	2
76	160	1	1	2	3
56	160	1	1	3	1
56	160	1	1	3	2
56	160	1	1	3	3
76	160	1	2	1	1
76	160	1	2	1	2
76	160	1	2	1	3
76	160	1	2	2	1
76	160	1	2	2	2
76	160	1	2	2	3
56	160	1	2	3	1
56	160	1	2	3	2
56	160	1	2	3	3
76	160	1	3	1	1
76	160	1	3	1	2
76	160	1	3	1	3
76	160	1	3	2	1
76	160	1	3	2	2
76	160	1	3	2	3
56	160	1	3	3	1
56	160	1	3	3	2
56	160	1	3	3	3
39	160	2	1	1	1
39	160	2	1	1	2
39	160	2	1	1	3
39	160	2	1	2	1
39	160	2	1	2	2
39	160	2	1	2	3
39	160	2	1	3	1
39	160	2	1	3	2
39	160	2	1	3	3
39	160	2	2	1	1
39	160	2	2	1	2
39	160	2	2	1	3
39	160	2	2	2	1
39	160	2	2	2	2
39	160	2	2	2	3
39	160	2	2	3	1
39	160	2	2	3	2
39	160	2	2	3	3
39	160	2	3	1	1
39	160	2	3	1	2
39	160	2	3	1	3
39	160	2	3	2	1
39	160	2	3	2	2
39	160	2	3	2	3
39	160	2	3	3	1
39	160	2	3	3	2
39	160	2	3	3	3
0	160	3	1	1	1
0	160	3	1	1	2
0	160	3	1	1	3
0	160	3	1	2	1
0	160	3	1	2	2
0	160	3	1	2	3
0	160	3	1	3	1
0	160	3	1	3	2
0	160	3	1	3	3
0	160	3	2	1	1
0	160	3	2	1	2
0	160	3	2	1	3
0	160	3	2	2	1
0	160	3	2	2	2
0	160	3	2	2	3
0	160	3	2	3	1
0	160	3	2	3	2
0	160	3	2	3	3
0	160	3	3	1	1
0	160	3	3	1	2
0	160	3	3	1	3
0	160	3	3	2	1
0	160	3	3	2	2
0	160	3	3	2	3
0	160	3	3	3	1
0	160	3	3	3	2
0	160	3	3	3	3
-------------- 10 meilleurs res --------------

Nombre Comp trouve	Valeur Threshold	Nombre d'erosions	Taille d'erosion	Nombre dilatation	Taille dilatation
79	148	1	1	1	1
79	148	1	3	1	3
79	148	1	3	1	1
79	148	1	3	1	2
79	148	1	1	1	2
79	148	1	2	1	3
79	148	1	2	1	2
79	148	1	2	1	1
79	148	1	1	1	3
78	153	1	3	1	1
